candidate,election_name,candidate_name,precinct,votes,total_possible_votes,registered_votes_pct,total_votes_cast,cast_votes_pct,ward,wp_distric,wp_name,town,town_id,pop_2020,area_miles,perimeter,shape_area,shape_len
pct,town_of_acton_annual_town_election_preliminary,Pct,1,1,1890,0.0529100529100529,347,0.288184438040346,,"1",Acton Precinct 1,ACTON,"2",3457,2.20000005,7.86999989,5690555.89727,12667.5725015
pct,town_of_acton_annual_town_election_preliminary,Pct,2,2,2346,0.0852514919011083,586,0.341296928327645,,"2",Acton Precinct 2,ACTON,"2",3344,3.72000003,10.21000004,9639979.63048,16439.4488578
pct,town_of_acton_annual_town_election_preliminary,Pct,3,3,2582,0.116189000774593,2158,0.139017608897127,,"3",Acton Precinct 3,ACTON,"2",3585,2.13000011,7.03000021,5510891.39562,11313.8060786
pct,town_of_acton_annual_town_election_preliminary,Pct,4,4,2383,0.167855644146034,2928,0.136612021857924,,"4",Acton Precinct 4,ACTON,"2",3434,2.77999997,7.01999998,7197528.9734,11303.6206045
pct,town_of_acton_annual_town_election_preliminary,Pct,5,5,2384,0.209731543624161,4514,0.110766504209127,,"5",Acton Precinct 5,ACTON,"2",3516,2.94000006,7.53999996,7604337.19163,12141.3925561
pct,town_of_acton_annual_town_election_preliminary,Pct,6,12,2343,0.512163892445583,6060,0.198019801980198,,"6",Acton Precinct 6,ACTON,"2",3316,3.28999996,9.59000015,8510541.56807,15440.2386749
pct,town_of_acton_annual_town_election_preliminary,Pct,7,7,2038,0.343473994111874,1972,0.354969574036511,,"7",Acton Precinct 7,ACTON,"2",3369,3.25,9.77000046,8412192.34646,15726.0660266
"machine,totalfinal",town_of_acton_annual_town_election_preliminary,Machine,1,130,1890,6.87830687830688,347,37.463976945245,,"1",Acton Precinct 1,ACTON,"2",3457,2.20000005,7.86999989,5690555.89727,12667.5725015
"machine,totalfinal",town_of_acton_annual_town_election_preliminary,Machine,2,292,2346,12.4467178175618,586,49.8293515358362,,"2",Acton Precinct 2,ACTON,"2",3344,3.72000003,10.21000004,9639979.63048,16439.4488578
"machine,totalfinal",town_of_acton_annual_town_election_preliminary,Machine,3,531,2582,20.565453137103,2158,24.6061167747915,,"3",Acton Precinct 3,ACTON,"2",3585,2.13000011,7.03000021,5510891.39562,11313.8060786
"machine,totalfinal",town_of_acton_annual_town_election_preliminary,Machine,4,387,2383,16.2400335711288,2928,13.2172131147541,,"4",Acton Precinct 4,ACTON,"2",3434,2.77999997,7.01999998,7197528.9734,11303.6206045
"machine,totalfinal",town_of_acton_annual_town_election_preliminary,Machine,5,333,2384,13.9681208053691,4514,7.37704918032787,,"5",Acton Precinct 5,ACTON,"2",3516,2.94000006,7.53999996,7604337.19163,12141.3925561
"machine,totalfinal",town_of_acton_annual_town_election_preliminary,Machine,6,326,2343,13.9137857447717,6060,5.37953795379538,,"6",Acton Precinct 6,ACTON,"2",3316,3.28999996,9.59000015,8510541.56807,15440.2386749
"machine,totalfinal",town_of_acton_annual_town_election_preliminary,Machine,7,189,2038,9.27379784102061,1972,9.5841784989858,,"7",Acton Precinct 7,ACTON,"2",3369,3.25,9.77000046,8412192.34646,15726.0660266
"total,voted",town_of_acton_annual_town_election_preliminary,Total,1,130,1890,6.87830687830688,347,37.463976945245,,"1",Acton Precinct 1,ACTON,"2",3457,2.20000005,7.86999989,5690555.89727,12667.5725015
"total,voted",town_of_acton_annual_town_election_preliminary,Total,2,292,2346,12.4467178175618,586,49.8293515358362,,"2",Acton Precinct 2,ACTON,"2",3344,3.72000003,10.21000004,9639979.63048,16439.4488578
"total,voted",town_of_acton_annual_town_election_preliminary,Total,3,531,2582,20.565453137103,2158,24.6061167747915,,"3",Acton Precinct 3,ACTON,"2",3585,2.13000011,7.03000021,5510891.39562,11313.8060786
"total,voted",town_of_acton_annual_town_election_preliminary,Total,4,387,2383,16.2400335711288,2928,13.2172131147541,,"4",Acton Precinct 4,ACTON,"2",3434,2.77999997,7.01999998,7197528.9734,11303.6206045
"total,voted",town_of_acton_annual_town_election_preliminary,Total,5,333,2384,13.9681208053691,4514,7.37704918032787,,"5",Acton Precinct 5,ACTON,"2",3516,2.94000006,7.53999996,7604337.19163,12141.3925561
"total,voted",town_of_acton_annual_town_election_preliminary,Total,6,326,2343,13.9137857447717,6060,5.37953795379538,,"6",Acton Precinct 6,ACTON,"2",3316,3.28999996,9.59000015,8510541.56807,15440.2386749
"total,voted",town_of_acton_annual_town_election_preliminary,Total,7,189,2038,9.27379784102061,1972,9.5841784989858,,"7",Acton Precinct 7,ACTON,"2",3369,3.25,9.77000046,8412192.34646,15726.0660266
"totalregistered,voters",_registered_voters_1890_2346_2582_2383_2384_1611_732_2038_15966,Totalregistered,1,1890,1890,100,1890,100,,"1",Acton Precinct 1,ACTON,"2",3457,2.20000005,7.86999989,5690555.89727,12667.5725015
"totalregistered,voters",_registered_voters_1890_2346_2582_2383_2384_1611_732_2038_15966,Totalregistered,2,2346,2346,100,2346,100,,"2",Acton Precinct 2,ACTON,"2",3344,3.72000003,10.21000004,9639979.63048,16439.4488578
"totalregistered,voters",_registered_voters_1890_2346_2582_2383_2384_1611_732_2038_15966,Totalregistered,3,2582,2582,100,2582,100,,"3",Acton Precinct 3,ACTON,"2",3585,2.13000011,7.03000021,5510891.39562,11313.8060786
"totalregistered,voters",_registered_voters_1890_2346_2582_2383_2384_1611_732_2038_15966,Totalregistered,4,2383,2383,100,2383,100,,"4",Acton Precinct 4,ACTON,"2",3434,2.77999997,7.01999998,7197528.9734,11303.6206045
"totalregistered,voters",_registered_voters_1890_2346_2582_2383_2384_1611_732_2038_15966,Totalregistered,5,2384,2384,100,2384,100,,"5",Acton Precinct 5,ACTON,"2",3516,2.94000006,7.53999996,7604337.19163,12141.3925561
"totalregistered,voters",_registered_voters_1890_2346_2582_2383_2384_1611_732_2038_15966,Totalregistered,6,2343,2343,100,2343,100,,"6",Acton Precinct 6,ACTON,"2",3316,3.28999996,9.59000015,8510541.56807,15440.2386749
"totalregistered,voters",_registered_voters_1890_2346_2582_2383_2384_1611_732_2038_15966,Totalregistered,7,2038,2038,100,2038,100,,"7",Acton Precinct 7,ACTON,"2",3369,3.25,9.77000046,8412192.34646,15726.0660266
blank,moderator,Blanks,1,15,1890,0.793650793650794,130,11.5384615384615,,"1",Acton Precinct 1,ACTON,"2",3457,2.20000005,7.86999989,5690555.89727,12667.5725015
blank,moderator,Blanks,2,55,2346,2.34441602728048,292,18.8356164383562,,"2",Acton Precinct 2,ACTON,"2",3344,3.72000003,10.21000004,9639979.63048,16439.4488578
blank,moderator,Blanks,3,93,2582,3.60185902401239,531,17.5141242937853,,"3",Acton Precinct 3,ACTON,"2",3585,2.13000011,7.03000021,5510891.39562,11313.8060786
blank,moderator,Blanks,4,68,2383,2.85354595048259,387,17.5710594315245,,"4",Acton Precinct 4,ACTON,"2",3434,2.77999997,7.01999998,7197528.9734,11303.6206045
blank,moderator,Blanks,5,37,2384,1.55201342281879,333,11.1111111111111,,"5",Acton Precinct 5,ACTON,"2",3516,2.94000006,7.53999996,7604337.19163,12141.3925561
blank,moderator,Blanks,6,57,2343,2.43277848911652,326,17.4846625766871,,"6",Acton Precinct 6,ACTON,"2",3316,3.28999996,9.59000015,8510541.56807,15440.2386749
blank,moderator,Blanks,7,33,2038,1.61923454367027,189,17.4603174603175,,"7",Acton Precinct 7,ACTON,"2",3369,3.25,9.77000046,8412192.34646,15726.0660266
"joann,m.,berry",moderator,Joann,1,114,1890,6.03174603174603,130,87.6923076923077,,"1",Acton Precinct 1,ACTON,"2",3457,2.20000005,7.86999989,5690555.89727,12667.5725015
"joann,m.,berry",moderator,Joann,2,236,2346,10.0596760443308,292,80.8219178082192,,"2",Acton Precinct 2,ACTON,"2",3344,3.72000003,10.21000004,9639979.63048,16439.4488578
"joann,m.,berry",moderator,Joann,3,434,2582,16.8086754453912,531,81.7325800376648,,"3",Acton Precinct 3,ACTON,"2",3585,2.13000011,7.03000021,5510891.39562,11313.8060786
"joann,m.,berry",moderator,Joann,4,319,2383,13.3864876206462,387,82.4289405684755,,"4",Acton Precinct 4,ACTON,"2",3434,2.77999997,7.01999998,7197528.9734,11303.6206045
"joann,m.,berry",moderator,Joann,5,293,2384,12.2902684563758,333,87.987987987988,,"5",Acton Precinct 5,ACTON,"2",3516,2.94000006,7.53999996,7604337.19163,12141.3925561
"joann,m.,berry",moderator,Joann,6,267,2343,11.3956466069142,326,81.9018404907976,,"6",Acton Precinct 6,ACTON,"2",3316,3.28999996,9.59000015,8510541.56807,15440.2386749
"joann,m.,berry",moderator,Joann,7,155,2038,7.60549558390579,189,82.010582010582,,"7",Acton Precinct 7,ACTON,"2",3369,3.25,9.77000046,8412192.34646,15726.0660266
"write,in",moderator,Write,1,1,1890,0.0529100529100529,130,0.769230769230769,,"1",Acton Precinct 1,ACTON,"2",3457,2.20000005,7.86999989,5690555.89727,12667.5725015
"write,in",moderator,Write,2,1,2346,0.0426257459505541,292,0.342465753424658,,"2",Acton Precinct 2,ACTON,"2",3344,3.72000003,10.21000004,9639979.63048,16439.4488578
"write,in",moderator,Write,3,4,2582,0.154918667699458,531,0.753295668549906,,"3",Acton Precinct 3,ACTON,"2",3585,2.13000011,7.03000021,5510891.39562,11313.8060786
"write,in",moderator,Write,4,0,2383,0,387,0,,"4",Acton Precinct 4,ACTON,"2",3434,2.77999997,7.01999998,7197528.9734,11303.6206045
"write,in",moderator,Write,5,3,2384,0.125838926174497,333,0.900900900900901,,"5",Acton Precinct 5,ACTON,"2",3516,2.94000006,7.53999996,7604337.19163,12141.3925561
"write,in",moderator,Write,6,2,2343,0.0853606487409304,326,0.613496932515337,,"6",Acton Precinct 6,ACTON,"2",3316,3.28999996,9.59000015,8510541.56807,15440.2386749
"write,in",moderator,Write,7,1,2038,0.0490677134445535,189,0.529100529100529,,"7",Acton Precinct 7,ACTON,"2",3369,3.25,9.77000046,8412192.34646,15726.0660266
blank,select_board,Blanks,1,35,1890,1.85185185185185,260,13.4615384615385,,"1",Acton Precinct 1,ACTON,"2",3457,2.20000005,7.86999989,5690555.89727,12667.5725015
blank,select_board,Blanks,2,66,2346,2.81329923273657,584,11.3013698630137,,"2",Acton Precinct 2,ACTON,"2",3344,3.72000003,10.21000004,9639979.63048,16439.4488578
blank,select_board,Blanks,3,125,2582,4.84120836560806,1062,11.7702448210923,,"3",Acton Precinct 3,ACTON,"2",3585,2.13000011,7.03000021,5510891.39562,11313.8060786
blank,select_board,Blanks,4,89,2383,3.73478808224927,774,11.4987080103359,,"4",Acton Precinct 4,ACTON,"2",3434,2.77999997,7.01999998,7197528.9734,11303.6206045
blank,select_board,Blanks,5,71,2384,2.97818791946309,666,10.6606606606607,,"5",Acton Precinct 5,ACTON,"2",3516,2.94000006,7.53999996,7604337.19163,12141.3925561
blank,select_board,Blanks,6,76,2343,3.24370465215536,652,11.6564417177914,,"6",Acton Precinct 6,ACTON,"2",3316,3.28999996,9.59000015,8510541.56807,15440.2386749
blank,select_board,Blanks,7,56,2038,2.74779195289499,378,14.8148148148148,,"7",Acton Precinct 7,ACTON,"2",3369,3.25,9.77000046,8412192.34646,15726.0660266
"james,snyder,grant",select_board,James,1,87,1890,4.6031746031746,260,33.4615384615385,,"1",Acton Precinct 1,ACTON,"2",3457,2.20000005,7.86999989,5690555.89727,12667.5725015
"james,snyder,grant",select_board,James,2,189,2346,8.05626598465473,584,32.3630136986301,,"2",Acton Precinct 2,ACTON,"2",3344,3.72000003,10.21000004,9639979.63048,16439.4488578
"james,snyder,grant",select_board,James,3,354,2582,13.710302091402,1062,33.3333333333333,,"3",Acton Precinct 3,ACTON,"2",3585,2.13000011,7.03000021,5510891.39562,11313.8060786
"james,snyder,grant",select_board,James,4,246,2383,10.3231221149811,774,31.7829457364341,,"4",Acton Precinct 4,ACTON,"2",3434,2.77999997,7.01999998,7197528.9734,11303.6206045
"james,snyder,grant",select_board,James,5,199,2384,8.34731543624161,666,29.8798798798799,,"5",Acton Precinct 5,ACTON,"2",3516,2.94000006,7.53999996,7604337.19163,12141.3925561
"james,snyder,grant",select_board,James,6,185,2343,7.89586000853607,652,28.3742331288344,,"6",Acton Precinct 6,ACTON,"2",3316,3.28999996,9.59000015,8510541.56807,15440.2386749
"james,snyder,grant",select_board,James,7,118,2038,5.78999018645731,378,31.2169312169312,,"7",Acton Precinct 7,ACTON,"2",3369,3.25,9.77000046,8412192.34646,15726.0660266
"alissa,nicol",select_board,Alissa,1,74,1890,3.91534391534392,260,28.4615384615385,,"1",Acton Precinct 1,ACTON,"2",3457,2.20000005,7.86999989,5690555.89727,12667.5725015
"alissa,nicol",select_board,Alissa,2,162,2346,6.90537084398977,584,27.7397260273973,,"2",Acton Precinct 2,ACTON,"2",3344,3.72000003,10.21000004,9639979.63048,16439.4488578
"alissa,nicol",select_board,Alissa,3,294,2582,11.3865220759101,1062,27.683615819209,,"3",Acton Precinct 3,ACTON,"2",3585,2.13000011,7.03000021,5510891.39562,11313.8060786
"alissa,nicol",select_board,Alissa,4,244,2383,10.2391942929081,774,31.5245478036176,,"4",Acton Precinct 4,ACTON,"2",3434,2.77999997,7.01999998,7197528.9734,11303.6206045
"alissa,nicol",select_board,Alissa,5,252,2384,10.5704697986577,666,37.8378378378378,,"5",Acton Precinct 5,ACTON,"2",3516,2.94000006,7.53999996,7604337.19163,12141.3925561
"alissa,nicol",select_board,Alissa,6,221,2343,9.43235168587281,652,33.8957055214724,,"6",Acton Precinct 6,ACTON,"2",3316,3.28999996,9.59000015,8510541.56807,15440.2386749
"alissa,nicol",select_board,Alissa,7,111,2038,5.44651619234544,378,29.3650793650794,,"7",Acton Precinct 7,ACTON,"2",3369,3.25,9.77000046,8412192.34646,15726.0660266
"frances,osman",select_board,Frances,1,64,1890,3.38624338624339,260,24.6153846153846,,"1",Acton Precinct 1,ACTON,"2",3457,2.20000005,7.86999989,5690555.89727,12667.5725015
"frances,osman",select_board,Frances,2,165,2346,7.03324808184143,584,28.2534246575343,,"2",Acton Precinct 2,ACTON,"2",3344,3.72000003,10.21000004,9639979.63048,16439.4488578
"frances,osman",select_board,Frances,3,284,2582,10.9992254066615,1062,26.7419962335217,,"3",Acton Precinct 3,ACTON,"2",3585,2.13000011,7.03000021,5510891.39562,11313.8060786
"frances,osman",select_board,Frances,4,192,2383,8.05707091900965,774,24.8062015503876,,"4",Acton Precinct 4,ACTON,"2",3434,2.77999997,7.01999998,7197528.9734,11303.6206045
"frances,osman",select_board,Frances,5,143,2384,5.99832214765101,666,21.4714714714715,,"5",Acton Precinct 5,ACTON,"2",3516,2.94000006,7.53999996,7604337.19163,12141.3925561
"frances,osman",select_board,Frances,6,169,2343,7.21297481860862,652,25.920245398773,,"6",Acton Precinct 6,ACTON,"2",3316,3.28999996,9.59000015,8510541.56807,15440.2386749
"frances,osman",select_board,Frances,7,90,2038,4.41609421000981,378,23.8095238095238,,"7",Acton Precinct 7,ACTON,"2",3369,3.25,9.77000046,8412192.34646,15726.0660266
"write,in",select_board,Write,1,0,1890,0,260,0,,"1",Acton Precinct 1,ACTON,"2",3457,2.20000005,7.86999989,5690555.89727,12667.5725015
"write,in",select_board,Write,2,2,2346,0.0852514919011083,584,0.342465753424658,,"2",Acton Precinct 2,ACTON,"2",3344,3.72000003,10.21000004,9639979.63048,16439.4488578
"write,in",select_board,Write,3,5,2582,0.193648334624322,1062,0.470809792843691,,"3",Acton Precinct 3,ACTON,"2",3585,2.13000011,7.03000021,5510891.39562,11313.8060786
"write,in",select_board,Write,4,3,2383,0.125891733109526,774,0.387596899224806,,"4",Acton Precinct 4,ACTON,"2",3434,2.77999997,7.01999998,7197528.9734,11303.6206045
"write,in",select_board,Write,5,1,2384,0.0419463087248322,666,0.15015015015015,,"5",Acton Precinct 5,ACTON,"2",3516,2.94000006,7.53999996,7604337.19163,12141.3925561
"write,in",select_board,Write,6,1,2343,0.0426803243704652,652,0.153374233128834,,"6",Acton Precinct 6,ACTON,"2",3316,3.28999996,9.59000015,8510541.56807,15440.2386749
"write,in",select_board,Write,7,3,2038,0.14720314033366,378,0.793650793650794,,"7",Acton Precinct 7,ACTON,"2",3369,3.25,9.77000046,8412192.34646,15726.0660266
blank,school_committee,Blanks,1,50,1890,2.64550264550265,390,12.8205128205128,,"1",Acton Precinct 1,ACTON,"2",3457,2.20000005,7.86999989,5690555.89727,12667.5725015
blank,school_committee,Blanks,2,125,2346,5.32821824381927,876,14.2694063926941,,"2",Acton Precinct 2,ACTON,"2",3344,3.72000003,10.21000004,9639979.63048,16439.4488578
blank,school_committee,Blanks,3,204,2582,7.90085205267235,1593,12.8060263653484,,"3",Acton Precinct 3,ACTON,"2",3585,2.13000011,7.03000021,5510891.39562,11313.8060786
blank,school_committee,Blanks,4,180,2383,7.55350398657155,1161,15.5038759689922,,"4",Acton Precinct 4,ACTON,"2",3434,2.77999997,7.01999998,7197528.9734,11303.6206045
blank,school_committee,Blanks,5,111,2384,4.65604026845638,999,11.1111111111111,,"5",Acton Precinct 5,ACTON,"2",3516,2.94000006,7.53999996,7604337.19163,12141.3925561
blank,school_committee,Blanks,6,99,2343,4.22535211267606,978,10.1226993865031,,"6",Acton Precinct 6,ACTON,"2",3316,3.28999996,9.59000015,8510541.56807,15440.2386749
blank,school_committee,Blanks,7,94,2038,4.61236506378803,567,16.5784832451499,,"7",Acton Precinct 7,ACTON,"2",3369,3.25,9.77000046,8412192.34646,15726.0660266
"courtney,barrieault",school_committee,Courtney,1,30,1890,1.58730158730159,390,7.69230769230769,,"1",Acton Precinct 1,ACTON,"2",3457,2.20000005,7.86999989,5690555.89727,12667.5725015
"courtney,barrieault",school_committee,Courtney,2,50,2346,2.13128729752771,876,5.70776255707763,,"2",Acton Precinct 2,ACTON,"2",3344,3.72000003,10.21000004,9639979.63048,16439.4488578
"courtney,barrieault",school_committee,Courtney,3,121,2582,4.6862896979086,1593,7.59573132454488,,"3",Acton Precinct 3,ACTON,"2",3585,2.13000011,7.03000021,5510891.39562,11313.8060786
"courtney,barrieault",school_committee,Courtney,4,102,2383,4.28031892572388,1161,8.78552971576227,,"4",Acton Precinct 4,ACTON,"2",3434,2.77999997,7.01999998,7197528.9734,11303.6206045
"courtney,barrieault",school_committee,Courtney,5,77,2384,3.22986577181208,999,7.70770770770771,,"5",Acton Precinct 5,ACTON,"2",3516,2.94000006,7.53999996,7604337.19163,12141.3925561
"courtney,barrieault",school_committee,Courtney,6,95,2343,4.0546308151942,978,9.71370143149284,,"6",Acton Precinct 6,ACTON,"2",3316,3.28999996,9.59000015,8510541.56807,15440.2386749
"courtney,barrieault",school_committee,Courtney,7,29,2038,1.42296368989205,567,5.11463844797178,,"7",Acton Precinct 7,ACTON,"2",3369,3.25,9.77000046,8412192.34646,15726.0660266
"victoria,j.,campbell",school_committee,Victoria,1,73,1890,3.86243386243386,390,18.7179487179487,,"1",Acton Precinct 1,ACTON,"2",3457,2.20000005,7.86999989,5690555.89727,12667.5725015
"victoria,j.,campbell",school_committee,Victoria,2,170,2346,7.2463768115942,876,19.4063926940639,,"2",Acton Precinct 2,ACTON,"2",3344,3.72000003,10.21000004,9639979.63048,16439.4488578
"victoria,j.,campbell",school_committee,Victoria,3,340,2582,13.1680867544539,1593,21.3433772755807,,"3",Acton Precinct 3,ACTON,"2",3585,2.13000011,7.03000021,5510891.39562,11313.8060786
"victoria,j.,campbell",school_committee,Victoria,4,232,2383,9.73562736047,1161,19.9827734711456,,"4",Acton Precinct 4,ACTON,"2",3434,2.77999997,7.01999998,7197528.9734,11303.6206045
"victoria,j.,campbell",school_committee,Victoria,5,198,2384,8.30536912751678,999,19.8198198198198,,"5",Acton Precinct 5,ACTON,"2",3516,2.94000006,7.53999996,7604337.19163,12141.3925561
"victoria,j.,campbell",school_committee,Victoria,6,189,2343,8.06658130601793,978,19.3251533742331,,"6",Acton Precinct 6,ACTON,"2",3316,3.28999996,9.59000015,8510541.56807,15440.2386749
"victoria,j.,campbell",school_committee,Victoria,7,100,2038,4.90677134445535,567,17.636684303351,,"7",Acton Precinct 7,ACTON,"2",3369,3.25,9.77000046,8412192.34646,15726.0660266
"jason,w.,fitzgerald",school_committee,Jason,1,40,1890,2.11640211640212,390,10.2564102564103,,"1",Acton Precinct 1,ACTON,"2",3457,2.20000005,7.86999989,5690555.89727,12667.5725015
"jason,w.,fitzgerald",school_committee,Jason,2,127,2346,5.41346973572037,876,14.4977168949772,,"2",Acton Precinct 2,ACTON,"2",3344,3.72000003,10.21000004,9639979.63048,16439.4488578
"jason,w.,fitzgerald",school_committee,Jason,3,188,2582,7.28117738187452,1593,11.8016321406152,,"3",Acton Precinct 3,ACTON,"2",3585,2.13000011,7.03000021,5510891.39562,11313.8060786
"jason,w.,fitzgerald",school_committee,Jason,4,127,2383,5.32941670163659,1161,10.9388458225668,,"4",Acton Precinct 4,ACTON,"2",3434,2.77999997,7.01999998,7197528.9734,11303.6206045
"jason,w.,fitzgerald",school_committee,Jason,5,108,2384,4.53020134228188,999,10.8108108108108,,"5",Acton Precinct 5,ACTON,"2",3516,2.94000006,7.53999996,7604337.19163,12141.3925561
"jason,w.,fitzgerald",school_committee,Jason,6,89,2343,3.7985488689714,978,9.10020449897751,,"6",Acton Precinct 6,ACTON,"2",3316,3.28999996,9.59000015,8510541.56807,15440.2386749
"jason,w.,fitzgerald",school_committee,Jason,7,70,2038,3.43473994111874,567,12.3456790123457,,"7",Acton Precinct 7,ACTON,"2",3369,3.25,9.77000046,8412192.34646,15726.0660266
"michael,gowing",school_committee,Michael,1,64,1890,3.38624338624339,390,16.4102564102564,,"1",Acton Precinct 1,ACTON,"2",3457,2.20000005,7.86999989,5690555.89727,12667.5725015
"michael,gowing",school_committee,Michael,2,137,2346,5.83972719522592,876,15.6392694063927,,"2",Acton Precinct 2,ACTON,"2",3344,3.72000003,10.21000004,9639979.63048,16439.4488578
"michael,gowing",school_committee,Michael,3,164,2582,6.35166537567777,1593,10.2950408035154,,"3",Acton Precinct 3,ACTON,"2",3585,2.13000011,7.03000021,5510891.39562,11313.8060786
"michael,gowing",school_committee,Michael,4,133,2383,5.58120016785564,1161,11.4556416881998,,"4",Acton Precinct 4,ACTON,"2",3434,2.77999997,7.01999998,7197528.9734,11303.6206045
"michael,gowing",school_committee,Michael,5,119,2384,4.99161073825503,999,11.9119119119119,,"5",Acton Precinct 5,ACTON,"2",3516,2.94000006,7.53999996,7604337.19163,12141.3925561
"michael,gowing",school_committee,Michael,6,120,2343,5.12163892445583,978,12.2699386503067,,"6",Acton Precinct 6,ACTON,"2",3316,3.28999996,9.59000015,8510541.56807,15440.2386749
"michael,gowing",school_committee,Michael,7,77,2038,3.77821393523062,567,13.5802469135802,,"7",Acton Precinct 7,ACTON,"2",3369,3.25,9.77000046,8412192.34646,15726.0660266
"leela,gangolli,ramachandran",school_committee,Leela,1,60,1890,3.17460317460317,390,15.3846153846154,,"1",Acton Precinct 1,ACTON,"2",3457,2.20000005,7.86999989,5690555.89727,12667.5725015
"leela,gangolli,ramachandran",school_committee,Leela,2,125,2346,5.32821824381927,876,14.2694063926941,,"2",Acton Precinct 2,ACTON,"2",3344,3.72000003,10.21000004,9639979.63048,16439.4488578
"leela,gangolli,ramachandran",school_committee,Leela,3,331,2582,12.8195197521301,1593,20.7784055241682,,"3",Acton Precinct 3,ACTON,"2",3585,2.13000011,7.03000021,5510891.39562,11313.8060786
"leela,gangolli,ramachandran",school_committee,Leela,4,233,2383,9.7775912715065,1161,20.0689061154177,,"4",Acton Precinct 4,ACTON,"2",3434,2.77999997,7.01999998,7197528.9734,11303.6206045
"leela,gangolli,ramachandran",school_committee,Leela,5,215,2384,9.01845637583893,999,21.5215215215215,,"5",Acton Precinct 5,ACTON,"2",3516,2.94000006,7.53999996,7604337.19163,12141.3925561
"leela,gangolli,ramachandran",school_committee,Leela,6,224,2343,9.56039265898421,978,22.9038854805726,,"6",Acton Precinct 6,ACTON,"2",3316,3.28999996,9.59000015,8510541.56807,15440.2386749
"leela,gangolli,ramachandran",school_committee,Leela,7,88,2038,4.31795878312071,567,15.5202821869489,,"7",Acton Precinct 7,ACTON,"2",3369,3.25,9.77000046,8412192.34646,15726.0660266
"yanxin,schmidt",school_committee,Yanxin,1,73,1890,3.86243386243386,390,18.7179487179487,,"1",Acton Precinct 1,ACTON,"2",3457,2.20000005,7.86999989,5690555.89727,12667.5725015
"yanxin,schmidt",school_committee,Yanxin,2,142,2346,6.05285592497869,876,16.2100456621005,,"2",Acton Precinct 2,ACTON,"2",3344,3.72000003,10.21000004,9639979.63048,16439.4488578
"yanxin,schmidt",school_committee,Yanxin,3,241,2582,9.33384972889233,1593,15.1286880100439,,"3",Acton Precinct 3,ACTON,"2",3585,2.13000011,7.03000021,5510891.39562,11313.8060786
"yanxin,schmidt",school_committee,Yanxin,4,153,2383,6.42047838858582,1161,13.1782945736434,,"4",Acton Precinct 4,ACTON,"2",3434,2.77999997,7.01999998,7197528.9734,11303.6206045
"yanxin,schmidt",school_committee,Yanxin,5,169,2384,7.08892617449664,999,16.9169169169169,,"5",Acton Precinct 5,ACTON,"2",3516,2.94000006,7.53999996,7604337.19163,12141.3925561
"yanxin,schmidt",school_committee,Yanxin,6,156,2343,6.65813060179257,978,15.9509202453988,,"6",Acton Precinct 6,ACTON,"2",3316,3.28999996,9.59000015,8510541.56807,15440.2386749
"yanxin,schmidt",school_committee,Yanxin,7,106,2038,5.20117762512267,567,18.694885361552,,"7",Acton Precinct 7,ACTON,"2",3369,3.25,9.77000046,8412192.34646,15726.0660266
"write,in",school_committee,Write,1,0,1890,0,390,0,,"1",Acton Precinct 1,ACTON,"2",3457,2.20000005,7.86999989,5690555.89727,12667.5725015
"write,in",school_committee,Write,2,0,2346,0,876,0,,"2",Acton Precinct 2,ACTON,"2",3344,3.72000003,10.21000004,9639979.63048,16439.4488578
"write,in",school_committee,Write,3,4,2582,0.154918667699458,1593,0.251098556183302,,"3",Acton Precinct 3,ACTON,"2",3585,2.13000011,7.03000021,5510891.39562,11313.8060786
"write,in",school_committee,Write,4,1,2383,0.0419639110365086,1161,0.0861326442721792,,"4",Acton Precinct 4,ACTON,"2",3434,2.77999997,7.01999998,7197528.9734,11303.6206045
"write,in",school_committee,Write,5,2,2384,0.0838926174496644,999,0.2002002002002,,"5",Acton Precinct 5,ACTON,"2",3516,2.94000006,7.53999996,7604337.19163,12141.3925561
"write,in",school_committee,Write,6,6,2343,0.256081946222791,978,0.613496932515337,,"6",Acton Precinct 6,ACTON,"2",3316,3.28999996,9.59000015,8510541.56807,15440.2386749
"write,in",school_committee,Write,7,3,2038,0.14720314033366,567,0.529100529100529,,"7",Acton Precinct 7,ACTON,"2",3369,3.25,9.77000046,8412192.34646,15726.0660266
blank,library_trustee_3_yr_term,Blanks,1,84,1890,4.44444444444444,130,64.6153846153846,,"1",Acton Precinct 1,ACTON,"2",3457,2.20000005,7.86999989,5690555.89727,12667.5725015
blank,library_trustee_3_yr_term,Blanks,2,234,2346,9.97442455242967,292,80.1369863013699,,"2",Acton Precinct 2,ACTON,"2",3344,3.72000003,10.21000004,9639979.63048,16439.4488578
blank,library_trustee_3_yr_term,Blanks,3,400,2582,15.4918667699458,531,75.3295668549906,,"3",Acton Precinct 3,ACTON,"2",3585,2.13000011,7.03000021,5510891.39562,11313.8060786
blank,library_trustee_3_yr_term,Blanks,4,289,2383,12.127570289551,387,74.6770025839793,,"4",Acton Precinct 4,ACTON,"2",3434,2.77999997,7.01999998,7197528.9734,11303.6206045
blank,library_trustee_3_yr_term,Blanks,5,271,2384,11.3674496644295,333,81.3813813813814,,"5",Acton Precinct 5,ACTON,"2",3516,2.94000006,7.53999996,7604337.19163,12141.3925561
blank,library_trustee_3_yr_term,Blanks,6,264,2343,11.2676056338028,326,80.9815950920245,,"6",Acton Precinct 6,ACTON,"2",3316,3.28999996,9.59000015,8510541.56807,15440.2386749
blank,library_trustee_3_yr_term,Blanks,7,138,2038,6.77134445534838,189,73.015873015873,,"7",Acton Precinct 7,ACTON,"2",3369,3.25,9.77000046,8412192.34646,15726.0660266
"write,inthomas,lemire",library_trustee_3_yr_term,Write,1,34,1890,1.7989417989418,130,26.1538461538462,,"1",Acton Precinct 1,ACTON,"2",3457,2.20000005,7.86999989,5690555.89727,12667.5725015
"write,inthomas,lemire",library_trustee_3_yr_term,Write,2,39,2346,1.66240409207161,292,13.3561643835616,,"2",Acton Precinct 2,ACTON,"2",3344,3.72000003,10.21000004,9639979.63048,16439.4488578
"write,inthomas,lemire",library_trustee_3_yr_term,Write,3,86,2582,3.33075135553834,531,16.195856873823,,"3",Acton Precinct 3,ACTON,"2",3585,2.13000011,7.03000021,5510891.39562,11313.8060786
"write,inthomas,lemire",library_trustee_3_yr_term,Write,4,58,2383,2.4339068401175,387,14.9870801033592,,"4",Acton Precinct 4,ACTON,"2",3434,2.77999997,7.01999998,7197528.9734,11303.6206045
"write,inthomas,lemire",library_trustee_3_yr_term,Write,5,34,2384,1.4261744966443,333,10.2102102102102,,"5",Acton Precinct 5,ACTON,"2",3516,2.94000006,7.53999996,7604337.19163,12141.3925561
"write,inthomas,lemire",library_trustee_3_yr_term,Write,6,48,2343,2.04865556978233,326,14.7239263803681,,"6",Acton Precinct 6,ACTON,"2",3316,3.28999996,9.59000015,8510541.56807,15440.2386749
"write,inthomas,lemire",library_trustee_3_yr_term,Write,7,33,2038,1.61923454367027,189,17.4603174603175,,"7",Acton Precinct 7,ACTON,"2",3369,3.25,9.77000046,8412192.34646,15726.0660266
"write,in",library_trustee_3_yr_term,Write,1,12,1890,0.634920634920635,130,9.23076923076923,,"1",Acton Precinct 1,ACTON,"2",3457,2.20000005,7.86999989,5690555.89727,12667.5725015
"write,in",library_trustee_3_yr_term,Write,2,19,2346,0.809889173060529,292,6.50684931506849,,"2",Acton Precinct 2,ACTON,"2",3344,3.72000003,10.21000004,9639979.63048,16439.4488578
"write,in",library_trustee_3_yr_term,Write,3,45,2582,1.7428350116189,531,8.47457627118644,,"3",Acton Precinct 3,ACTON,"2",3585,2.13000011,7.03000021,5510891.39562,11313.8060786
"write,in",library_trustee_3_yr_term,Write,4,40,2383,1.67855644146034,387,10.3359173126615,,"4",Acton Precinct 4,ACTON,"2",3434,2.77999997,7.01999998,7197528.9734,11303.6206045
"write,in",library_trustee_3_yr_term,Write,5,28,2384,1.1744966442953,333,8.40840840840841,,"5",Acton Precinct 5,ACTON,"2",3516,2.94000006,7.53999996,7604337.19163,12141.3925561
"write,in",library_trustee_3_yr_term,Write,6,14,2343,0.597524541186513,326,4.29447852760736,,"6",Acton Precinct 6,ACTON,"2",3316,3.28999996,9.59000015,8510541.56807,15440.2386749
"write,in",library_trustee_3_yr_term,Write,7,18,2038,0.883218842001963,189,9.52380952380952,,"7",Acton Precinct 7,ACTON,"2",3369,3.25,9.77000046,8412192.34646,15726.0660266
blank,library_trustee_1_yr_term,Blanks,1,18,1890,0.952380952380952,130,13.8461538461538,,"1",Acton Precinct 1,ACTON,"2",3457,2.20000005,7.86999989,5690555.89727,12667.5725015
blank,library_trustee_1_yr_term,Blanks,2,53,2346,2.25916453537937,288,18.4027777777778,,"2",Acton Precinct 2,ACTON,"2",3344,3.72000003,10.21000004,9639979.63048,16439.4488578
blank,library_trustee_1_yr_term,Blanks,3,67,2582,2.59488768396592,531,12.6177024482109,,"3",Acton Precinct 3,ACTON,"2",3585,2.13000011,7.03000021,5510891.39562,11313.8060786
blank,library_trustee_1_yr_term,Blanks,4,45,2383,1.88837599664289,387,11.6279069767442,,"4",Acton Precinct 4,ACTON,"2",3434,2.77999997,7.01999998,7197528.9734,11303.6206045
blank,library_trustee_1_yr_term,Blanks,5,47,2384,1.97147651006711,333,14.1141141141141,,"5",Acton Precinct 5,ACTON,"2",3516,2.94000006,7.53999996,7604337.19163,12141.3925561
blank,library_trustee_1_yr_term,Blanks,6,54,2343,2.30473751600512,326,16.5644171779141,,"6",Acton Precinct 6,ACTON,"2",3316,3.28999996,9.59000015,8510541.56807,15440.2386749
blank,library_trustee_1_yr_term,Blanks,7,34,2038,1.66830225711482,189,17.989417989418,,"7",Acton Precinct 7,ACTON,"2",3369,3.25,9.77000046,8412192.34646,15726.0660266
"terra,friedrichs",library_trustee_1_yr_term,Terra,1,21,1890,1.11111111111111,130,16.1538461538462,,"1",Acton Precinct 1,ACTON,"2",3457,2.20000005,7.86999989,5690555.89727,12667.5725015
"terra,friedrichs",library_trustee_1_yr_term,Terra,2,39,2346,1.66240409207161,288,13.5416666666667,,"2",Acton Precinct 2,ACTON,"2",3344,3.72000003,10.21000004,9639979.63048,16439.4488578
"terra,friedrichs",library_trustee_1_yr_term,Terra,3,64,2582,2.47869868319132,531,12.0527306967985,,"3",Acton Precinct 3,ACTON,"2",3585,2.13000011,7.03000021,5510891.39562,11313.8060786
"terra,friedrichs",library_trustee_1_yr_term,Terra,4,58,2383,2.4339068401175,387,14.9870801033592,,"4",Acton Precinct 4,ACTON,"2",3434,2.77999997,7.01999998,7197528.9734,11303.6206045
"terra,friedrichs",library_trustee_1_yr_term,Terra,5,70,2384,2.93624161073825,333,21.021021021021,,"5",Acton Precinct 5,ACTON,"2",3516,2.94000006,7.53999996,7604337.19163,12141.3925561
"terra,friedrichs",library_trustee_1_yr_term,Terra,6,52,2343,2.21937686726419,326,15.9509202453988,,"6",Acton Precinct 6,ACTON,"2",3316,3.28999996,9.59000015,8510541.56807,15440.2386749
"terra,friedrichs",library_trustee_1_yr_term,Terra,7,28,2038,1.3738959764475,189,14.8148148148148,,"7",Acton Precinct 7,ACTON,"2",3369,3.25,9.77000046,8412192.34646,15726.0660266
"annette,m.,lochrie",library_trustee_1_yr_term,Annette,1,38,1890,2.01058201058201,130,29.2307692307692,,"1",Acton Precinct 1,ACTON,"2",3457,2.20000005,7.86999989,5690555.89727,12667.5725015
"annette,m.,lochrie",library_trustee_1_yr_term,Annette,2,94,2346,4.00682011935209,288,32.6388888888889,,"2",Acton Precinct 2,ACTON,"2",3344,3.72000003,10.21000004,9639979.63048,16439.4488578
"annette,m.,lochrie",library_trustee_1_yr_term,Annette,3,195,2582,7.55228505034857,531,36.7231638418079,,"3",Acton Precinct 3,ACTON,"2",3585,2.13000011,7.03000021,5510891.39562,11313.8060786
"annette,m.,lochrie",library_trustee_1_yr_term,Annette,4,151,2383,6.3365505665128,387,39.0180878552972,,"4",Acton Precinct 4,ACTON,"2",3434,2.77999997,7.01999998,7197528.9734,11303.6206045
"annette,m.,lochrie",library_trustee_1_yr_term,Annette,5,108,2384,4.53020134228188,333,32.4324324324324,,"5",Acton Precinct 5,ACTON,"2",3516,2.94000006,7.53999996,7604337.19163,12141.3925561
"annette,m.,lochrie",library_trustee_1_yr_term,Annette,6,101,2343,4.31071276141699,326,30.9815950920245,,"6",Acton Precinct 6,ACTON,"2",3316,3.28999996,9.59000015,8510541.56807,15440.2386749
"annette,m.,lochrie",library_trustee_1_yr_term,Annette,7,49,2038,2.40431795878312,189,25.9259259259259,,"7",Acton Precinct 7,ACTON,"2",3369,3.25,9.77000046,8412192.34646,15726.0660266
"eric,schlesinger",library_trustee_1_yr_term,Eric,1,50,1890,2.64550264550265,130,38.4615384615385,,"1",Acton Precinct 1,ACTON,"2",3457,2.20000005,7.86999989,5690555.89727,12667.5725015
"eric,schlesinger",library_trustee_1_yr_term,Eric,2,97,2346,4.13469735720375,288,33.6805555555556,,"2",Acton Precinct 2,ACTON,"2",3344,3.72000003,10.21000004,9639979.63048,16439.4488578
"eric,schlesinger",library_trustee_1_yr_term,Eric,3,201,2582,7.78466305189775,531,37.8531073446328,,"3",Acton Precinct 3,ACTON,"2",3585,2.13000011,7.03000021,5510891.39562,11313.8060786
"eric,schlesinger",library_trustee_1_yr_term,Eric,4,130,2383,5.45530843474612,387,33.5917312661499,,"4",Acton Precinct 4,ACTON,"2",3434,2.77999997,7.01999998,7197528.9734,11303.6206045
"eric,schlesinger",library_trustee_1_yr_term,Eric,5,104,2384,4.36241610738255,333,31.2312312312312,,"5",Acton Precinct 5,ACTON,"2",3516,2.94000006,7.53999996,7604337.19163,12141.3925561
"eric,schlesinger",library_trustee_1_yr_term,Eric,6,117,2343,4.99359795134443,326,35.8895705521472,,"6",Acton Precinct 6,ACTON,"2",3316,3.28999996,9.59000015,8510541.56807,15440.2386749
"eric,schlesinger",library_trustee_1_yr_term,Eric,7,74,2038,3.63101079489696,189,39.1534391534392,,"7",Acton Precinct 7,ACTON,"2",3369,3.25,9.77000046,8412192.34646,15726.0660266
"write,in",library_trustee_1_yr_term,Write,1,3,1890,0.158730158730159,130,2.30769230769231,,"1",Acton Precinct 1,ACTON,"2",3457,2.20000005,7.86999989,5690555.89727,12667.5725015
"write,in",library_trustee_1_yr_term,Write,2,5,2346,0.213128729752771,288,1.73611111111111,,"2",Acton Precinct 2,ACTON,"2",3344,3.72000003,10.21000004,9639979.63048,16439.4488578
"write,in",library_trustee_1_yr_term,Write,3,4,2582,0.154918667699458,531,0.753295668549906,,"3",Acton Precinct 3,ACTON,"2",3585,2.13000011,7.03000021,5510891.39562,11313.8060786
"write,in",library_trustee_1_yr_term,Write,4,3,2383,0.125891733109526,387,0.775193798449612,,"4",Acton Precinct 4,ACTON,"2",3434,2.77999997,7.01999998,7197528.9734,11303.6206045
"write,in",library_trustee_1_yr_term,Write,5,4,2384,0.167785234899329,333,1.2012012012012,,"5",Acton Precinct 5,ACTON,"2",3516,2.94000006,7.53999996,7604337.19163,12141.3925561
"write,in",library_trustee_1_yr_term,Write,6,2,2343,0.0853606487409304,326,0.613496932515337,,"6",Acton Precinct 6,ACTON,"2",3316,3.28999996,9.59000015,8510541.56807,15440.2386749
"write,in",library_trustee_1_yr_term,Write,7,4,2038,0.196270853778214,189,2.11640211640212,,"7",Acton Precinct 7,ACTON,"2",3369,3.25,9.77000046,8412192.34646,15726.0660266
blank,water_district_clerk,Blanks,1,111,1890,5.87301587301587,130,85.3846153846154,,"1",Acton Precinct 1,ACTON,"2",3457,2.20000005,7.86999989,5690555.89727,12667.5725015
blank,water_district_clerk,Blanks,2,267,2346,11.381074168798,292,91.4383561643836,,"2",Acton Precinct 2,ACTON,"2",3344,3.72000003,10.21000004,9639979.63048,16439.4488578
blank,water_district_clerk,Blanks,3,449,2582,17.3896204492641,531,84.5574387947269,,"3",Acton Precinct 3,ACTON,"2",3585,2.13000011,7.03000021,5510891.39562,11313.8060786
blank,water_district_clerk,Blanks,4,331,2383,13.8900545530843,387,85.5297157622739,,"4",Acton Precinct 4,ACTON,"2",3434,2.77999997,7.01999998,7197528.9734,11303.6206045
blank,water_district_clerk,Blanks,5,300,2384,12.5838926174497,333,90.0900900900901,,"5",Acton Precinct 5,ACTON,"2",3516,2.94000006,7.53999996,7604337.19163,12141.3925561
blank,water_district_clerk,Blanks,6,298,2343,12.7187366623986,326,91.4110429447853,,"6",Acton Precinct 6,ACTON,"2",3316,3.28999996,9.59000015,8510541.56807,15440.2386749
blank,water_district_clerk,Blanks,7,169,2038,8.29244357212954,189,89.4179894179894,,"7",Acton Precinct 7,ACTON,"2",3369,3.25,9.77000046,8412192.34646,15726.0660266
"write,in",water_district_clerk,Write,1,19,1890,1.00529100529101,130,14.6153846153846,,"1",Acton Precinct 1,ACTON,"2",3457,2.20000005,7.86999989,5690555.89727,12667.5725015
"write,in",water_district_clerk,Write,2,25,2346,1.06564364876385,292,8.56164383561644,,"2",Acton Precinct 2,ACTON,"2",3344,3.72000003,10.21000004,9639979.63048,16439.4488578
"write,in",water_district_clerk,Write,3,15,2582,0.580945003872967,531,2.82485875706215,,"3",Acton Precinct 3,ACTON,"2",3585,2.13000011,7.03000021,5510891.39562,11313.8060786
"write,in",water_district_clerk,Write,4,41,2383,1.72052035249685,387,10.594315245478,,"4",Acton Precinct 4,ACTON,"2",3434,2.77999997,7.01999998,7197528.9734,11303.6206045
"write,in",water_district_clerk,Write,5,33,2384,1.38422818791946,333,9.90990990990991,,"5",Acton Precinct 5,ACTON,"2",3516,2.94000006,7.53999996,7604337.19163,12141.3925561
"write,in",water_district_clerk,Write,6,28,2343,1.19504908237303,326,8.58895705521472,,"6",Acton Precinct 6,ACTON,"2",3316,3.28999996,9.59000015,8510541.56807,15440.2386749
"write,in",water_district_clerk,Write,7,20,2038,0.98135426889107,189,10.5820105820106,,"7",Acton Precinct 7,ACTON,"2",3369,3.25,9.77000046,8412192.34646,15726.0660266
"william,stanford",water_district_clerk,William,1,0,1890,0,130,0,,"1",Acton Precinct 1,ACTON,"2",3457,2.20000005,7.86999989,5690555.89727,12667.5725015
"william,stanford",water_district_clerk,William,2,0,2346,0,292,0,,"2",Acton Precinct 2,ACTON,"2",3344,3.72000003,10.21000004,9639979.63048,16439.4488578
"william,stanford",water_district_clerk,William,3,67,2582,2.59488768396592,531,12.6177024482109,,"3",Acton Precinct 3,ACTON,"2",3585,2.13000011,7.03000021,5510891.39562,11313.8060786
"william,stanford",water_district_clerk,William,4,15,2383,0.629458665547629,387,3.87596899224806,,"4",Acton Precinct 4,ACTON,"2",3434,2.77999997,7.01999998,7197528.9734,11303.6206045
"william,stanford",water_district_clerk,William,5,0,2384,0,333,0,,"5",Acton Precinct 5,ACTON,"2",3516,2.94000006,7.53999996,7604337.19163,12141.3925561
"william,stanford",water_district_clerk,William,6,0,2343,0,326,0,,"6",Acton Precinct 6,ACTON,"2",3316,3.28999996,9.59000015,8510541.56807,15440.2386749
"william,stanford",water_district_clerk,William,7,0,2038,0,189,0,,"7",Acton Precinct 7,ACTON,"2",3369,3.25,9.77000046,8412192.34646,15726.0660266
blank,water_district_commissioner,Blanks,1,16,1890,0.846560846560847,130,12.3076923076923,,"1",Acton Precinct 1,ACTON,"2",3457,2.20000005,7.86999989,5690555.89727,12667.5725015
blank,water_district_commissioner,Blanks,2,70,2346,2.98380221653879,292,23.972602739726,,"2",Acton Precinct 2,ACTON,"2",3344,3.72000003,10.21000004,9639979.63048,16439.4488578
blank,water_district_commissioner,Blanks,3,123,2582,4.76374903175833,531,23.1638418079096,,"3",Acton Precinct 3,ACTON,"2",3585,2.13000011,7.03000021,5510891.39562,11313.8060786
blank,water_district_commissioner,Blanks,4,93,2383,3.9026437263953,387,24.031007751938,,"4",Acton Precinct 4,ACTON,"2",3434,2.77999997,7.01999998,7197528.9734,11303.6206045
blank,water_district_commissioner,Blanks,5,73,2384,3.06208053691275,333,21.9219219219219,,"5",Acton Precinct 5,ACTON,"2",3516,2.94000006,7.53999996,7604337.19163,12141.3925561
blank,water_district_commissioner,Blanks,6,70,2343,2.98762270593256,326,21.4723926380368,,"6",Acton Precinct 6,ACTON,"2",3316,3.28999996,9.59000015,8510541.56807,15440.2386749
blank,water_district_commissioner,Blanks,7,42,2038,2.06084396467125,189,22.2222222222222,,"7",Acton Precinct 7,ACTON,"2",3369,3.25,9.77000046,8412192.34646,15726.0660266
"stephen,c.,stuntz",water_district_commissioner,Stephen,1,114,1890,6.03174603174603,130,87.6923076923077,,"1",Acton Precinct 1,ACTON,"2",3457,2.20000005,7.86999989,5690555.89727,12667.5725015
"stephen,c.,stuntz",water_district_commissioner,Stephen,2,220,2346,9.37766410912191,292,75.3424657534247,,"2",Acton Precinct 2,ACTON,"2",3344,3.72000003,10.21000004,9639979.63048,16439.4488578
"stephen,c.,stuntz",water_district_commissioner,Stephen,3,405,2582,15.6855151045701,531,76.271186440678,,"3",Acton Precinct 3,ACTON,"2",3585,2.13000011,7.03000021,5510891.39562,11313.8060786
"stephen,c.,stuntz",water_district_commissioner,Stephen,4,292,2383,12.2534620226605,387,75.4521963824289,,"4",Acton Precinct 4,ACTON,"2",3434,2.77999997,7.01999998,7197528.9734,11303.6206045
"stephen,c.,stuntz",water_district_commissioner,Stephen,5,259,2384,10.8640939597315,333,77.7777777777778,,"5",Acton Precinct 5,ACTON,"2",3516,2.94000006,7.53999996,7604337.19163,12141.3925561
"stephen,c.,stuntz",water_district_commissioner,Stephen,6,255,2343,10.8834827144686,326,78.2208588957055,,"6",Acton Precinct 6,ACTON,"2",3316,3.28999996,9.59000015,8510541.56807,15440.2386749
"stephen,c.,stuntz",water_district_commissioner,Stephen,7,147,2038,7.21295387634936,189,77.7777777777778,,"7",Acton Precinct 7,ACTON,"2",3369,3.25,9.77000046,8412192.34646,15726.0660266
"write,in",water_district_commissioner,Write,1,0,1890,0,130,0,,"1",Acton Precinct 1,ACTON,"2",3457,2.20000005,7.86999989,5690555.89727,12667.5725015
"write,in",water_district_commissioner,Write,2,2,2346,0.0852514919011083,292,0.684931506849315,,"2",Acton Precinct 2,ACTON,"2",3344,3.72000003,10.21000004,9639979.63048,16439.4488578
"write,in",water_district_commissioner,Write,3,3,2582,0.116189000774593,531,0.564971751412429,,"3",Acton Precinct 3,ACTON,"2",3585,2.13000011,7.03000021,5510891.39562,11313.8060786
"write,in",water_district_commissioner,Write,4,2,2383,0.0839278220730172,387,0.516795865633075,,"4",Acton Precinct 4,ACTON,"2",3434,2.77999997,7.01999998,7197528.9734,11303.6206045
"write,in",water_district_commissioner,Write,5,1,2384,0.0419463087248322,333,0.3003003003003,,"5",Acton Precinct 5,ACTON,"2",3516,2.94000006,7.53999996,7604337.19163,12141.3925561
"write,in",water_district_commissioner,Write,6,1,2343,0.0426803243704652,326,0.306748466257669,,"6",Acton Precinct 6,ACTON,"2",3316,3.28999996,9.59000015,8510541.56807,15440.2386749
"write,in",water_district_commissioner,Write,7,0,2038,0,189,0,,"7",Acton Precinct 7,ACTON,"2",3369,3.25,9.77000046,8412192.34646,15726.0660266
